"TargetModule","Coverage"
"decorators","0.2631578947368421"
"decorators_typed","0.2727272727272727"

"feedgenerator","0.6423357664233577"
"feedgenerator_typed","0.9781021897810219"

"tree","0.9722222222222222"
"tree_typed","1.0"
"datastructures","0.9821428571428571"
"datastructures_typed","0.9821428571428571"
